Type,Name,Request Count,Failure Count,Median Response Time,Average Response Time,Min Response Time,Max Response Time,Average Content Size,Requests/s,Failures/s,50%,66%,75%,80%,90%,95%,98%,99%,99.9%,99.99%,100%
DELETE,DELETE /users/[id],439,0,38,46.95083481089065,19.640029000584036,261.5943970013177,17.0,22.70647578077966,0.0,38,48,56,61,79,97,130,160,260,260,260
POST,POST /users,441,0,40,50.02467710893677,18.754065997200087,269.64640699952724,15.80952380952381,22.809922139689817,0.0,40,50,57,64,80,110,180,220,270,270,270
,Aggregated,880,0,39,48.49124896252513,18.754065997200087,269.64640699952724,16.40340909090909,45.51639792046947,0.0,39,49,57,62,80,110,160,210,270,270,270
